player_id,is_retired,current_team
1,yes,
2,yes,
3,yes,
4,yes,
5,yes,
6,yes,
7,yes,
8,yes,
9,yes,
10,yes,
11,yes,
12,yes,
13,yes,
14,yes,
15,yes,
16,yes,
17,yes,
18,yes,
19,yes,
20,yes,
21,yes,
22,yes,
23,yes,
24,yes,
25,yes,
26,yes,
27,yes,
28,yes,
29,yes,
32,yes,
33,yes,
34,yes,
35,no,---
36,yes,
37,yes,
38,yes,
39,yes,
40,yes,
41,yes,
42,yes,
43,yes,
44,yes,
45,yes,
46,yes,
47,yes,
48,yes,
49,yes,
50,yes,
51,yes,
52,yes,
53,yes,
54,yes,
55,yes,
57,yes,
58,yes,
59,yes,
60,yes,
61,yes,
62,yes,
64,yes,
67,yes,
68,yes,
69,yes,
70,yes,
71,yes,
72,yes,
73,yes,
74,yes,
75,yes,
76,yes,
77,yes,
78,yes,
79,yes,
80,yes,
81,yes,
82,yes,
83,yes,
84,yes,
85,yes,
86,yes,
87,yes,
89,yes,
91,yes,
92,yes,
93,yes,
94,yes,
95,yes,
96,yes,
97,yes,
98,yes,
99,yes,
100,yes,
101,yes,
102,yes,
103,yes,
104,yes,
105,yes,
106,yes,
107,yes,
108,yes,
109,yes,
110,yes,
111,yes,
112,yes,
114,yes,
115,yes,
116,yes,
117,yes,
118,yes,
119,yes,
122,yes,
123,yes,
124,yes,
125,yes,
126,yes,
127,yes,
128,yes,
129,yes,
130,yes,
132,yes,
133,yes,
135,yes,
136,yes,
137,yes,
138,yes,
139,yes,
140,yes,
141,yes,
142,yes,
143,yes,
146,yes,
147,yes,
148,yes,
149,yes,
150,yes,
151,yes,
152,yes,
153,yes,
154,yes,
155,yes,
156,yes,
157,yes,
158,yes,
159,yes,
160,yes,
161,yes,
162,yes,
165,yes,
167,yes,
168,yes,
169,yes,
171,yes,
172,yes,
173,yes,
174,yes,
175,yes,
176,yes,
177,yes,
178,yes,
179,yes,
180,yes,
181,yes,
182,yes,
183,yes,
184,yes,
185,yes,
186,yes,
187,yes,
189,yes,
190,yes,
191,yes,
192,yes,
193,yes,
194,yes,
195,yes,
196,yes,
197,yes,
199,yes,
200,yes,
201,yes,
202,yes,
203,yes,
204,yes,
205,yes,
206,yes,
207,yes,
208,yes,
209,yes,
210,yes,
211,yes,
212,yes,
213,yes,
214,yes,
215,yes,
216,yes,
217,yes,
218,yes,
219,yes,
220,yes,
221,yes,
222,yes,
225,yes,
226,yes,
227,yes,
228,yes,
229,yes,
230,yes,
231,yes,
232,yes,
233,yes,
234,yes,
235,yes,
236,yes,
237,yes,
238,yes,
239,no,---
240,yes,
241,yes,
242,yes,
243,yes,
244,yes,
245,yes,
246,yes,
247,yes,
248,yes,
250,yes,
251,yes,
252,yes,
253,yes,
254,yes,
255,yes,
256,yes,
257,yes,
258,yes,
259,yes,
260,yes,
261,yes,
262,yes,
263,yes,
264,yes,
266,yes,
267,yes,
268,yes,
269,yes,
270,yes,
271,yes,
272,yes,
273,yes,
274,yes,
275,yes,
276,yes,
277,yes,
279,yes,
280,yes,
281,yes,
282,yes,
283,yes,
284,yes,
285,yes,
286,yes,
287,yes,
288,yes,
289,yes,
290,yes,
291,yes,
292,yes,
293,yes,
294,yes,
295,yes,
296,yes,
297,yes,
298,yes,
299,yes,
300,yes,
301,yes,
302,yes,
303,yes,
304,yes,
305,yes,
307,yes,
308,yes,
309,yes,
310,yes,
311,yes,
313,yes,
315,yes,
316,yes,
317,yes,
318,yes,
319,yes,
320,yes,
321,yes,
322,yes,
323,yes,
324,yes,
325,yes,
326,yes,
327,yes,
328,yes,
329,yes,
330,yes,
331,yes,
332,yes,
333,yes,
335,yes,
336,yes,
337,yes,
338,yes,
339,yes,
340,yes,
341,yes,
342,yes,
345,yes,
346,yes,
347,yes,
348,yes,
349,yes,
350,yes,
351,yes,
352,yes,
353,yes,
354,yes,
355,yes,
356,yes,
357,yes,
358,yes,
359,yes,
360,yes,
361,yes,
362,yes,
363,yes,
364,yes,
365,yes,
366,yes,
367,yes,
368,yes,
369,yes,
371,yes,
372,yes,
373,yes,
374,yes,
375,yes,
376,yes,
377,yes,
378,yes,
379,yes,
380,yes,
381,yes,
382,yes,
383,yes,
384,yes,
385,yes,
386,yes,
387,yes,
388,yes,
389,yes,
390,yes,
391,yes,
393,yes,
394,yes,
395,yes,
396,yes,
397,yes,
398,yes,
399,yes,
400,yes,
401,yes,
402,yes,
403,yes,
404,yes,
406,yes,
407,yes,
408,yes,
409,yes,
410,yes,
411,yes,
412,yes,
413,yes,
415,yes,
416,yes,
418,yes,
419,yes,
420,yes,
421,yes,
422,yes,
423,yes,
424,yes,
425,yes,
426,yes,
427,yes,
428,yes,
429,yes,
430,yes,
431,yes,
432,yes,
433,yes,
434,yes,
435,yes,
436,yes,
437,yes,
438,yes,
439,yes,
441,yes,
442,yes,
443,yes,
444,yes,
445,yes,
446,yes,
447,yes,
448,yes,
450,yes,
451,no,---
452,yes,
453,yes,
454,yes,
455,no,---
456,yes,
458,yes,
459,yes,
460,yes,
461,yes,
462,yes,
463,yes,
464,yes,
465,yes,
466,yes,
468,yes,
469,yes,
471,yes,
472,yes,
473,yes,
474,yes,
475,yes,
476,yes,
477,yes,
478,yes,
479,yes,
480,yes,
481,yes,
482,yes,
483,yes,
484,yes,
485,yes,
487,yes,
488,yes,
489,yes,
490,yes,
491,yes,
493,yes,
494,yes,
495,yes,
496,yes,
497,yes,
498,yes,
499,yes,
500,yes,
501,yes,
502,yes,
503,yes,
504,yes,
505,yes,
506,yes,
507,yes,
508,yes,
509,no,---
510,yes,
511,yes,
512,yes,
513,yes,
514,yes,
515,yes,
516,yes,
518,yes,
519,yes,
520,yes,
521,yes,
522,yes,
523,yes,
524,yes,
525,yes,
526,yes,
527,yes,
528,yes,
529,yes,
530,yes,
531,yes,
532,yes,
533,yes,
534,yes,
535,yes,
536,yes,
537,yes,
538,yes,
539,yes,
540,yes,
541,yes,
542,yes,
544,yes,
545,yes,
546,yes,
547,yes,
548,yes,
549,yes,
550,yes,
551,no,---
552,yes,
553,yes,
554,yes,
555,yes,
556,yes,
557,yes,
558,yes,
560,yes,
561,yes,
562,yes,
563,yes,
564,yes,
565,yes,
566,yes,
567,yes,
568,yes,
569,yes,
571,yes,
572,yes,
573,yes,
574,yes,
575,yes,
576,yes,
577,yes,
578,yes,
579,yes,
582,yes,
583,yes,
584,yes,
585,yes,
586,yes,
587,yes,
588,yes,
589,yes,
590,yes,
591,yes,
592,yes,
593,yes,
594,yes,
595,yes,
596,yes,
597,yes,
598,yes,
599,yes,
600,yes,
601,yes,
602,yes,
603,yes,
604,yes,
605,yes,
606,yes,
607,yes,
608,yes,
611,yes,
612,yes,
613,yes,
614,yes,
615,yes,
616,yes,
617,yes,
618,yes,
619,yes,
620,yes,
621,yes,
623,yes,
624,yes,
626,yes,
627,yes,
628,yes,
629,yes,
630,yes,
631,yes,
632,yes,
633,yes,
634,yes,
635,yes,
636,yes,
637,yes,
638,yes,
639,yes,
640,yes,
641,yes,
643,yes,
644,yes,
645,yes,
646,yes,
647,yes,
648,yes,
649,yes,
650,yes,
652,yes,
653,yes,
654,yes,
655,yes,
656,yes,
658,yes,
659,yes,
660,yes,
661,yes,
662,yes,
663,yes,
664,yes,
666,yes,
668,yes,
669,yes,
670,yes,
671,yes,
672,yes,
673,yes,
674,yes,
675,yes,
677,yes,
678,yes,
679,yes,
680,yes,
681,yes,
682,yes,
684,yes,
685,yes,
686,yes,
687,yes,
689,yes,
690,yes,
691,yes,
692,yes,
693,yes,
694,yes,
695,yes,
696,yes,
698,yes,
699,yes,
701,yes,
702,yes,
703,yes,
704,yes,
706,yes,
707,yes,
708,yes,
709,yes,
710,yes,
711,yes,
712,yes,
713,yes,
714,yes,
715,yes,
716,yes,
717,yes,
718,yes,
720,yes,
721,yes,
722,yes,
723,yes,
724,yes,
725,yes,
726,yes,
727,yes,
728,yes,
730,yes,
731,yes,
732,yes,
733,yes,
734,yes,
736,yes,
737,yes,
738,yes,
739,yes,
741,yes,
742,yes,
744,yes,
745,yes,
746,yes,
748,yes,
749,yes,
750,yes,
751,yes,
752,yes,
754,yes,
755,yes,
756,yes,
757,yes,
758,yes,
759,yes,
760,yes,
762,yes,
764,yes,
765,yes,
766,yes,
767,yes,
768,yes,
769,yes,
770,yes,
771,yes,
772,yes,
773,yes,
775,yes,
776,yes,
777,yes,
778,yes,
779,yes,
780,yes,
782,yes,
783,yes,
785,yes,
786,yes,
787,yes,
788,yes,
789,yes,
790,yes,
791,yes,
792,yes,
793,yes,
794,yes,
795,yes,
796,yes,
798,yes,
799,yes,
800,yes,
801,yes,
803,yes,
805,yes,
807,yes,
808,yes,
809,yes,
810,yes,
812,yes,
813,yes,
814,yes,
817,yes,
818,yes,
819,yes,
820,yes,
821,yes,
822,yes,
824,yes,
825,yes,
826,yes,
827,yes,
828,yes,
829,yes,
830,yes,
831,yes,
832,yes,
833,yes,
834,yes,
835,yes,
837,yes,
838,yes,
839,yes,
840,yes,
841,yes,
842,yes,
843,yes,
844,yes,
846,yes,
847,yes,
848,yes,
849,yes,
851,yes,
852,yes,
853,yes,
854,yes,
855,yes,
856,yes,
858,yes,
859,yes,
860,yes,
861,yes,
862,yes,
863,yes,
864,yes,
865,yes,
866,yes,
868,yes,
869,yes,
870,yes,
871,yes,
872,yes,
873,yes,
876,yes,
877,yes,
878,yes,
879,yes,
880,yes,
881,yes,
882,yes,
883,yes,
884,yes,
886,yes,
888,yes,
889,yes,
890,yes,
891,yes,
892,yes,
893,yes,
894,yes,
895,yes,
896,yes,
897,yes,
898,yes,
899,yes,
900,yes,
901,yes,
902,yes,
903,yes,
904,yes,
905,yes,
906,yes,
907,yes,
908,yes,
909,yes,
910,yes,
912,yes,
915,yes,
916,yes,
917,yes,
918,yes,
919,yes,
921,yes,
922,yes,
923,yes,
924,yes,
925,yes,
926,yes,
927,yes,
928,yes,
929,yes,
931,yes,
932,yes,
935,yes,
936,yes,
937,yes,
938,yes,
940,yes,
942,yes,
943,yes,
944,yes,
945,yes,
946,yes,
948,yes,
949,yes,
950,yes,
951,yes,
953,yes,
954,yes,
955,yes,
956,yes,
957,yes,
958,yes,
959,yes,
960,yes,
961,yes,
962,yes,
963,yes,
964,yes,
965,yes,
966,yes,
967,yes,
968,yes,
969,yes,
971,yes,
972,yes,
973,yes,
974,yes,
975,yes,
976,yes,
977,yes,
978,yes,
979,yes,
980,yes,
981,yes,
982,yes,
983,yes,
984,yes,
987,yes,
988,yes,
989,yes,
991,yes,
993,yes,
995,yes,
997,yes,
998,yes,
999,yes,
1003,yes,
1004,yes,
1005,yes,
1006,yes,
1008,yes,
1009,yes,
1011,yes,
1014,yes,
1015,yes,
1016,yes,
1017,yes,
1019,yes,
1020,yes,
1021,yes,
1022,yes,
1023,yes,
1024,yes,
1025,yes,
1027,yes,
1028,yes,
1029,yes,
1030,yes,
1031,yes,
1032,yes,
1033,yes,
1034,yes,
1035,yes,
1036,yes,
1037,yes,
1038,yes,
1040,yes,
1041,yes,
1042,yes,
1043,yes,
1045,yes,
1046,yes,
1047,yes,
1048,yes,
1049,yes,
1050,yes,
1052,yes,
1053,yes,
1054,yes,
1055,yes,
1056,yes,
1057,yes,
1058,yes,
1059,yes,
1061,yes,
1062,yes,
1063,yes,
1065,yes,
1067,yes,
1068,yes,
1070,yes,
1071,yes,
1072,yes,
1073,yes,
1074,yes,
1075,yes,
1076,yes,
1077,yes,
1078,yes,
1080,yes,
1082,yes,
1083,yes,
1084,yes,
1086,yes,
1087,yes,
1088,yes,
1089,yes,
1090,yes,
1091,yes,
1092,yes,
1093,yes,
1094,yes,
1095,yes,
1096,yes,
1097,yes,
1098,yes,
1099,yes,
1100,yes,
1101,yes,
1103,yes,
1105,yes,
1106,yes,
1108,yes,
1109,yes,
1110,yes,
1111,yes,
1112,yes,
1113,yes,
1114,yes,
1115,yes,
1116,yes,
1117,yes,
1118,yes,
1119,yes,
1120,yes,
1123,yes,
1124,yes,
1126,yes,
1127,yes,
1128,yes,
1129,yes,
1131,yes,
1132,yes,
1133,yes,
1134,yes,
1135,yes,
1138,yes,
1139,yes,
1140,yes,
1141,yes,
1143,yes,
1144,yes,
1145,yes,
1146,yes,
1147,yes,
1148,yes,
1149,yes,
1150,yes,
1151,yes,
1152,yes,
1155,yes,
1156,yes,
1157,yes,
1158,yes,
1161,yes,
1162,yes,
1163,yes,
1164,yes,
1165,yes,
1166,yes,
1168,yes,
1169,yes,
1170,yes,
1171,yes,
1172,yes,
1173,yes,
1174,yes,
1175,yes,
1176,yes,
1177,yes,
1178,yes,
1179,yes,
1180,yes,
1181,yes,
1182,yes,
1184,yes,
1185,yes,
1186,yes,
1187,yes,
1189,yes,
1190,yes,
1191,yes,
1192,yes,
1193,yes,
1194,yes,
1195,yes,
1196,yes,
1197,yes,
1198,yes,
1199,yes,
1200,yes,
1201,yes,
1202,yes,
1204,yes,
1205,yes,
1206,yes,
1207,yes,
1208,yes,
1209,yes,
1210,yes,
1211,yes,
1212,yes,
1213,yes,
1215,yes,
1216,yes,
1217,yes,
1218,yes,
1219,yes,
1220,yes,
1221,yes,
1222,yes,
1223,yes,
1224,yes,
1225,yes,
1226,yes,
1227,yes,
1228,yes,
1230,yes,
1231,yes,
1232,yes,
1233,yes,
1234,yes,
1235,yes,
1236,yes,
1238,yes,
1239,yes,
1240,yes,
1241,yes,
1242,yes,
1243,yes,
1244,yes,
1245,yes,
1246,yes,
1247,yes,
1248,yes,
1249,yes,
1250,yes,
1251,yes,
1252,yes,
1253,yes,
1254,yes,
1255,yes,
1256,yes,
1257,yes,
1258,yes,
1259,yes,
1260,yes,
1261,yes,
1262,yes,
1263,yes,
1264,yes,
1265,yes,
1267,yes,
1268,yes,
1269,yes,
1270,yes,
1272,yes,
1274,yes,
1275,yes,
1277,yes,
1278,yes,
1280,yes,
1281,yes,
1282,yes,
1283,yes,
1284,yes,
1285,yes,
1286,yes,
1287,yes,
1288,yes,
1289,yes,
1290,yes,
1291,yes,
1292,yes,
1293,yes,
1294,yes,
1295,yes,
1296,yes,
1297,yes,
1298,yes,
1299,yes,
1300,yes,
1302,yes,
1303,yes,
1304,yes,
1305,yes,
1306,yes,
1308,yes,
1309,yes,
1311,yes,
1312,yes,
1313,yes,
1314,yes,
1315,yes,
1316,yes,
1317,yes,
1318,yes,
1319,yes,
1320,yes,
1322,yes,
1323,yes,
1324,yes,
1325,yes,
1326,yes,
1331,yes,
1333,yes,
1334,yes,
1335,yes,
1336,yes,
1337,yes,
1339,yes,
1340,yes,
1342,yes,
1343,yes,
1344,yes,
1345,yes,
1346,yes,
1347,yes,
1348,yes,
1349,yes,
1350,yes,
1351,yes,
1352,yes,
1353,yes,
1354,yes,
1355,yes,
1356,yes,
1358,yes,
1359,yes,
1360,yes,
1361,yes,
1362,yes,
1363,yes,
1364,yes,
1365,yes,
1366,yes,
1367,yes,
1368,yes,
1369,yes,
1370,yes,
1371,yes,
1372,yes,
1373,yes,
1374,yes,
1375,yes,
1376,yes,
1377,yes,
1378,yes,
1379,yes,
1380,yes,
1381,yes,
1382,yes,
1383,yes,
1384,yes,
1388,yes,
1389,yes,
1390,yes,
1391,yes,
1392,yes,
1393,yes,
1394,yes,
1395,yes,
1396,yes,
1397,yes,
1399,yes,
1400,yes,
1401,yes,
1402,yes,
1403,yes,
1404,yes,
1405,yes,
1407,yes,
1409,yes,
1410,yes,
1411,yes,
1412,yes,
1413,yes,
1414,yes,
1415,yes,
1417,yes,
1418,yes,
1420,yes,
1421,yes,
1423,yes,
1425,yes,
1426,yes,
1427,yes,
1428,yes,
1429,yes,
1432,yes,
1433,yes,
1435,yes,
1436,yes,
1437,yes,
1438,yes,
1439,yes,
1442,yes,
1443,yes,
1444,yes,
1445,yes,
1446,yes,
1447,yes,
1448,yes,
1449,yes,
1450,yes,
1451,yes,
1452,yes,
1453,yes,
1454,yes,
1455,yes,
1457,yes,
1458,yes,
1459,yes,
1460,yes,
1461,yes,
1462,yes,
1464,yes,
1465,yes,
1466,yes,
1468,yes,
1471,yes,
1472,yes,
1474,yes,
1475,yes,
1476,yes,
1477,yes,
1478,yes,
1479,yes,
1480,yes,
1481,yes,
1482,yes,
1483,yes,
1484,yes,
1485,yes,
1486,yes,
1487,yes,
1488,yes,
1489,yes,
1490,yes,
1491,yes,
1492,yes,
1493,yes,
1494,yes,
1495,yes,
1496,yes,
1497,yes,
1498,yes,
1499,yes,
1501,yes,
1502,yes,
1503,yes,
1504,yes,
1505,no,---
1510,yes,
1511,yes,
1513,yes,
1514,yes,
1515,yes,
1516,yes,
1517,yes,
1518,yes,
1519,yes,
1520,yes,
1522,yes,
1523,yes,
1524,yes,
1526,yes,
1527,yes,
1528,yes,
1529,yes,
1532,yes,
1533,yes,
1534,yes,
1535,yes,
1536,yes,
1537,yes,
1538,yes,
1539,yes,
1540,yes,
1541,yes,
1542,yes,
1543,yes,
1544,yes,
1545,yes,
1546,yes,
1547,yes,
1548,yes,
1549,yes,
1550,yes,
1551,yes,
1552,yes,
1553,yes,
1554,yes,
1555,yes,
1556,yes,
1557,yes,
1558,yes,
1559,yes,
1560,yes,
1561,yes,
1562,yes,
1564,yes,
1565,yes,
1567,yes,
1569,yes,
1570,yes,
1571,yes,
1573,yes,
1574,yes,
1575,yes,
1576,yes,
1577,yes,
1580,yes,
1581,yes,
1582,yes,
1583,yes,
1584,yes,
1585,yes,
1586,yes,
1587,yes,
1588,yes,
1589,yes,
1590,yes,
1591,yes,
1592,yes,
1593,yes,
1594,yes,
1595,yes,
1596,yes,
1597,yes,
1598,yes,
1599,yes,
1600,yes,
1601,yes,
1602,yes,
1603,yes,
1604,yes,
1605,yes,
1606,yes,
1607,yes,
1608,yes,
1609,yes,
1610,yes,
1611,yes,
1612,yes,
1613,yes,
1614,yes,
1615,yes,
1616,yes,
1618,yes,
1619,yes,
1620,yes,
1621,yes,
1622,yes,
1623,yes,
1624,yes,
1626,yes,
1627,yes,
1628,yes,
1629,yes,
1630,yes,
1631,yes,
1632,yes,
1633,yes,
1634,yes,
1635,yes,
1636,yes,
1637,yes,
1638,yes,
1639,yes,
1640,yes,
1641,yes,
1642,yes,
1643,yes,
1644,yes,
1645,yes,
1646,yes,
1647,yes,
1648,yes,
1649,yes,
1650,yes,
1651,yes,
1652,yes,
1653,yes,
1655,yes,
1656,yes,
1657,yes,
1658,yes,
1659,yes,
1660,yes,
1661,yes,
1662,yes,
1664,yes,
1665,yes,
1666,yes,
1667,yes,
1668,yes,
1669,yes,
1670,yes,
1671,yes,
1672,yes,
1673,yes,
1674,yes,
1676,yes,
1677,yes,
1678,yes,
1679,yes,
1680,yes,
1681,yes,
1682,yes,
1685,yes,
1686,yes,
1687,yes,
1688,yes,
1689,yes,
1690,yes,
1691,yes,
1692,yes,
1693,yes,
1694,yes,
1695,yes,
1696,yes,
1697,yes,
1698,yes,
1699,yes,
1700,yes,
1701,yes,
1702,yes,
1705,yes,
1706,yes,
1707,yes,
1708,yes,
1709,yes,
1710,yes,
1711,yes,
1712,yes,
1713,yes,
1714,yes,
1715,yes,
1716,yes,
1717,yes,
1718,yes,
1719,yes,
1721,yes,
1723,yes,
1724,yes,
1725,yes,
1727,yes,
1728,yes,
1729,yes,
1730,yes,
1731,yes,
1732,yes,
1733,yes,
1735,yes,
1736,yes,
1737,yes,
1739,yes,
1740,yes,
1742,yes,
1743,yes,
1744,yes,
1745,yes,
1747,yes,
1748,yes,
1749,yes,
1751,yes,
1752,yes,
1753,yes,
1754,yes,
1756,yes,
1757,yes,
1758,yes,
1759,yes,
1762,yes,
1763,yes,
1765,yes,
1766,yes,
1767,yes,
1768,yes,
1769,yes,
1770,yes,
1771,yes,
1772,yes,
1773,yes,
1774,yes,
1775,yes,
1776,yes,
1777,yes,
1778,yes,
1779,yes,
1780,yes,
1781,yes,
1782,yes,
1783,yes,
1784,yes,
1785,yes,
1786,yes,
1787,yes,
1788,yes,
1789,yes,
1790,yes,
1791,yes,
1792,yes,
1793,yes,
1794,yes,
1795,yes,
1796,yes,
1797,yes,
1798,yes,
1799,yes,
1802,yes,
1804,yes,
1805,yes,
1806,yes,
1807,yes,
1808,yes,
1809,yes,
1810,yes,
1813,yes,
1814,yes,
1815,yes,
1817,yes,
1818,yes,
1820,yes,
1823,yes,
1824,yes,
1825,yes,
1826,yes,
1827,yes,
1829,yes,
1830,yes,
1831,yes,
1832,yes,
1834,yes,
1835,yes,
1836,yes,
1837,yes,
1839,yes,
1840,yes,
1841,yes,
1842,yes,
1843,yes,
1845,yes,
1847,yes,
1848,yes,
1849,yes,
1850,yes,
1851,yes,
1852,yes,
1853,yes,
1854,yes,
1855,yes,
1857,yes,
1860,yes,
1861,yes,
1862,yes,
1863,yes,
1866,yes,
1868,yes,
1869,yes,
1870,yes,
1871,yes,
1872,yes,
1873,yes,
1874,yes,
1875,yes,
1876,yes,
1877,yes,
1879,yes,
1881,yes,
1882,yes,
1883,yes,
1884,yes,
1885,yes,
1886,yes,
1887,yes,
1889,yes,
1890,yes,
1894,yes,
1895,yes,
1896,yes,
1897,yes,
1898,yes,
1899,yes,
1900,yes,
1901,yes,
1903,yes,
1904,yes,
1906,yes,
1907,yes,
1909,yes,
1911,yes,
1912,yes,
1913,yes,
1914,yes,
1915,yes,
1916,yes,
1917,yes,
1919,yes,
1920,yes,
1921,yes,
1924,yes,
1925,yes,
1927,yes,
1928,yes,
1929,yes,
1931,yes,
1932,yes,
1933,yes,
1934,yes,
1935,yes,
1936,yes,
1938,yes,
1939,yes,
1940,yes,
1941,yes,
1943,yes,
1947,yes,
1948,yes,
1949,yes,
1950,yes,
1951,yes,
1952,yes,
1954,yes,
1955,yes,
1956,yes,
1957,yes,
1958,yes,
1959,yes,
1960,yes,
1962,yes,
1963,yes,
1964,yes,
1967,yes,
1969,yes,
1970,yes,
1971,yes,
1972,yes,
1973,yes,
1974,yes,
1975,yes,
1978,yes,
1979,yes,
1980,yes,
1981,yes,
1982,yes,
1983,yes,
1984,yes,
1986,yes,
1987,yes,
1988,yes,
1989,yes,
1990,yes,
1991,yes,
1992,yes,
1994,yes,
1998,yes,
1999,yes,
2000,yes,
2001,yes,
2002,yes,
2003,yes,
2005,yes,
2006,yes,
2007,yes,
2008,yes,
2009,yes,
2011,yes,
2012,yes,
2013,yes,
2014,yes,
2017,yes,
2018,yes,
2021,yes,
2022,yes,
2023,yes,
2024,yes,
2026,yes,
2027,yes,
2028,yes,
2030,yes,
2031,yes,
2032,yes,
2033,yes,
2034,yes,
2035,yes,
2036,yes,
2037,yes,
2038,yes,
2040,yes,
2041,yes,
2042,yes,
2043,yes,
2044,yes,
2047,yes,
2048,yes,
2050,yes,
2051,yes,
2052,yes,
2053,yes,
2054,yes,
2056,yes,
2058,yes,
2059,yes,
2060,yes,
2061,yes,
2063,yes,
2064,yes,
2065,yes,
2066,yes,
2069,yes,
2070,yes,
2072,yes,
2073,yes,
2074,yes,
2075,yes,
2076,yes,
2077,yes,
2078,yes,
2079,yes,
2080,yes,
2081,yes,
2084,yes,
2085,yes,
2086,yes,
2087,yes,
2090,yes,
2091,yes,
2092,yes,
2093,yes,
2094,yes,
2095,yes,
2096,yes,
2098,yes,
2099,yes,
2100,no,Brighton & Hove Albion
2101,yes,
2103,yes,
2104,yes,
2105,yes,
2106,yes,
2107,yes,
2109,yes,
2110,yes,
2111,yes,
2112,yes,
2114,yes,
2116,yes,
2117,yes,
2118,yes,
2119,yes,
2120,yes,
2121,yes,
2122,yes,
2123,yes,
2125,yes,
2126,yes,
2127,yes,
2128,yes,
2129,yes,
2130,yes,
2131,yes,
2132,yes,
2133,yes,
2135,yes,
2136,yes,
2138,yes,
2139,yes,
2140,yes,
2141,yes,
2144,yes,
2146,yes,
2148,yes,
2149,yes,
2150,yes,
2151,yes,
2152,yes,
2153,yes,
2154,yes,
2155,yes,
2156,yes,
2157,yes,
2158,yes,
2161,yes,
2162,yes,
2163,yes,
2164,yes,
2165,yes,
2167,yes,
2168,yes,
2169,yes,
2171,no,---
2172,yes,
2173,yes,
2175,yes,
2176,yes,
2177,yes,
2178,yes,
2179,yes,
2180,yes,
2181,yes,
2182,yes,
2183,yes,
2184,yes,
2185,yes,
2186,yes,
2187,yes,
2188,yes,
2189,yes,
2191,yes,
2192,yes,
2193,yes,
2194,yes,
2195,yes,
2196,yes,
2198,yes,
2199,yes,
2201,yes,
2203,yes,
2204,yes,
2205,yes,
2206,yes,
2207,yes,
2208,yes,
2209,yes,
2210,yes,
2211,yes,
2212,yes,
2214,yes,
2215,yes,
2216,yes,
2217,yes,
2219,yes,
2220,yes,
2224,yes,
2225,yes,
2231,yes,
2232,yes,
2233,yes,
2234,yes,
2235,yes,
2236,yes,
2239,yes,
2240,yes,
2242,yes,
2244,yes,
2245,yes,
2246,yes,
2247,yes,
2250,yes,
2254,yes,
2255,yes,
2258,yes,
2259,yes,
2260,yes,
2263,yes,
2270,yes,
2274,yes,
2275,yes,
2277,yes,
2278,yes,
2279,yes,
2282,yes,
2283,yes,
2284,yes,
2285,yes,
2286,yes,
2287,yes,
2288,yes,
2289,yes,
2290,yes,
2292,yes,
2293,yes,
2294,yes,
2295,yes,
2296,yes,
2297,yes,
2298,yes,
2299,yes,
2300,yes,
2301,yes,
2303,yes,
2305,yes,
2307,yes,
2309,yes,
2310,yes,
2313,yes,
2314,yes,
2316,yes,
2319,yes,
2322,yes,
2323,yes,
2325,yes,
2327,yes,
2328,yes,
2329,yes,
2335,yes,
2338,yes,
2339,yes,
2340,no,Barnsley FC
2341,yes,
2344,yes,
2347,yes,
2350,yes,
2351,yes,
2356,yes,
2357,yes,
2358,yes,
2359,yes,
2360,yes,
2361,yes,
2363,yes,
2364,yes,
2367,yes,
2368,yes,
2369,yes,
2370,yes,
2371,yes,
2373,yes,
2374,yes,
2375,yes,
2380,yes,
2381,yes,
2382,yes,
2384,yes,
2385,yes,
2388,yes,
2389,yes,
2390,yes,
2391,yes,
2393,yes,
2394,yes,
2401,yes,
2402,yes,
2403,yes,
2409,yes,
2412,yes,
2413,yes,
2415,yes,
2417,yes,
2419,yes,
2423,yes,
2424,yes,
2425,yes,
2427,yes,
2428,yes,
2430,yes,
2433,yes,
2434,yes,
2435,yes,
2436,yes,
2437,yes,
2442,yes,
2443,yes,
2445,yes,
2446,yes,
2447,yes,
2449,yes,
2452,yes,
2454,yes,
2455,yes,
2456,yes,
2457,yes,
2460,yes,
2463,yes,
2464,yes,
2465,yes,
2466,yes,
2467,yes,
2468,yes,
2469,yes,
2471,yes,
2472,yes,
2473,yes,
2474,yes,
2475,yes,
2477,yes,
2478,yes,
2480,yes,
2485,yes,
2486,yes,
2488,yes,
2491,yes,
2505,yes,
2506,yes,
2507,yes,
2508,no,Celtic FC
2509,yes,
2510,yes,
2511,yes,
2512,yes,
2513,yes,
2514,yes,
2516,yes,
2517,yes,
2518,yes,
2519,yes,
2520,yes,
2521,yes,
2522,no,Al-Nassr FC
2523,yes,
2524,yes,
2525,yes,
2527,yes,
2528,yes,
2529,yes,
2530,no,FC Newsome
2531,yes,
2532,yes,
2533,yes,
2536,yes,
2537,no,Leicester City
2540,yes,
2541,yes,
2542,yes,
2543,yes,
2547,yes,
2549,yes,
2550,yes,
2553,yes,
2554,yes,
2555,yes,
2556,yes,
2557,yes,
2558,yes,
2559,yes,
2560,yes,
2561,yes,
2562,yes,
2563,yes,
2564,yes,
2566,yes,
2567,yes,
2568,yes,
2569,yes,
2570,yes,
2571,yes,
2572,yes,
2573,yes,
2574,yes,
2576,yes,
2579,yes,
2581,yes,
2582,yes,
2583,yes,
2584,yes,
2588,yes,
2589,yes,
2590,yes,
2592,yes,
2593,yes,
2594,yes,
2595,yes,
2597,yes,
2598,yes,
2601,yes,
2603,yes,
2604,yes,
2607,yes,
2609,yes,
2611,yes,
2612,yes,
2613,yes,
2616,yes,
2617,yes,
2619,yes,
2620,yes,
2621,yes,
2622,yes,
2624,yes,
2625,yes,
2630,yes,
2634,yes,
2636,yes,
2637,yes,
2638,yes,
2640,yes,
2641,yes,
2642,yes,
2643,yes,
2645,yes,
2646,yes,
2647,yes,
2648,yes,
2651,yes,
2652,yes,
2653,yes,
2654,yes,
2655,yes,
2656,yes,
2658,yes,
2659,yes,
2660,yes,
2661,yes,
2662,yes,
2664,yes,
2665,yes,
2668,yes,
2669,yes,
2670,yes,
2671,yes,
2672,yes,
2673,yes,
2674,yes,
2675,yes,
2680,yes,
2681,yes,
2683,yes,
2684,yes,
2686,yes,
2688,yes,
2693,yes,
2695,yes,
2696,yes,
2697,yes,
2701,yes,
2704,yes,
2705,yes,
2707,yes,
2709,yes,
2711,no,---
2714,yes,
2715,yes,
2716,yes,
2717,yes,
2718,yes,
2719,yes,
2723,yes,
2724,yes,
2728,yes,
2729,yes,
2731,yes,
2733,yes,
2736,yes,
2737,yes,
2738,yes,
2740,yes,
2745,yes,
2746,yes,
2748,yes,
2749,yes,
2750,yes,
2751,yes,
2753,yes,
2754,yes,
2755,yes,
2756,yes,
2757,yes,
2758,yes,
2759,yes,
2761,yes,
2765,yes,
2766,yes,
2767,yes,
2769,yes,
2771,yes,
2772,yes,
2773,yes,
2774,yes,
2778,yes,
2779,yes,
2780,yes,
2783,yes,
2785,yes,
2786,yes,
2787,yes,
2789,yes,
2790,yes,
2791,yes,
2793,yes,
2794,yes,
2795,yes,
2796,yes,
2797,yes,
2798,yes,
2799,yes,
2802,yes,
2803,yes,
2804,yes,
2805,yes,
2806,yes,
2808,yes,
2809,yes,
2811,yes,
2812,yes,
2815,yes,
2817,yes,
2818,yes,
2819,yes,
2822,yes,
2823,yes,
2824,yes,
2828,yes,
2830,yes,
2832,yes,
2834,yes,
2835,yes,
2836,yes,
2837,yes,
2838,yes,
2839,yes,
2840,yes,
2841,yes,
2842,yes,
2843,yes,
2844,yes,
2845,yes,
2846,yes,
2847,yes,
2855,yes,
2857,yes,
2858,yes,
2861,yes,
2862,yes,
2864,yes,
2866,yes,
2867,yes,
2869,yes,
2870,yes,
2871,yes,
2874,yes,
2877,yes,
2878,yes,
2881,yes,
2882,yes,
2884,yes,
2886,yes,
2887,yes,
2889,no,Burnley FC U21
2890,yes,
2891,yes,
2892,yes,
2893,yes,
2894,yes,
2896,no,Newcastle United
2897,yes,
2898,yes,
2901,yes,
2902,yes,
2905,yes,
2907,yes,
2908,yes,
2909,yes,
2910,yes,
2911,yes,
2912,yes,
2913,yes,
2915,yes,
2916,yes,
2917,yes,
2920,yes,
2921,yes,
2925,yes,
2928,yes,
2929,yes,
2930,yes,
2931,yes,
2932,yes,
2933,no,Manchester United
2934,yes,
2935,yes,
2936,yes,
2937,yes,
2940,yes,
2942,yes,
2943,yes,
2945,yes,
2946,yes,
2947,yes,
2948,yes,
2949,yes,
2950,yes,
2952,yes,
2953,yes,
2955,yes,
2956,yes,
2957,yes,
2958,yes,
2960,yes,
2962,yes,
2963,yes,
2964,yes,
2965,yes,
2966,yes,
2967,yes,
2968,yes,
2969,yes,
2970,yes,
2971,yes,
2972,yes,
2974,yes,
2975,yes,
2976,yes,
2979,yes,
2980,yes,
2981,yes,
2982,yes,
2984,yes,
2985,yes,
2988,yes,
2989,yes,
2990,yes,
2991,yes,
2992,yes,
2993,yes,
2994,yes,
2996,yes,
2997,yes,
2998,yes,
2999,yes,
3001,yes,
3002,yes,
3008,yes,
3009,yes,
3010,yes,
3011,yes,
3012,yes,
3013,yes,
3014,yes,
3015,yes,
3017,yes,
3018,yes,
3020,yes,
3022,yes,
3025,yes,
3026,yes,
3027,yes,
3028,yes,
3029,yes,
3030,yes,
3032,yes,
3033,yes,
3034,yes,
3035,yes,
3037,yes,
3039,yes,
3040,yes,
3041,yes,
3042,yes,
3046,yes,
3048,yes,
3049,yes,
3050,yes,
3052,yes,
3053,yes,
3054,yes,
3056,yes,
3057,yes,
3062,no,Ipswich Town
3063,yes,
3064,yes,
3065,yes,
3066,yes,
3067,yes,
3069,yes,
3070,yes,
3071,yes,
3076,yes,
3079,yes,
3080,yes,
3082,yes,
3083,yes,
3084,yes,
3087,yes,
3089,yes,
3093,yes,
3094,yes,
3096,yes,
3097,yes,
3098,yes,
3099,yes,
3102,yes,
3103,yes,
3106,yes,
3107,yes,
3108,yes,
3111,yes,
3112,yes,
3113,yes,
3114,yes,
3116,yes,
3119,yes,
3120,yes,
3121,yes,
3123,yes,
3125,yes,
3126,yes,
3127,yes,
3128,yes,
3129,yes,
3131,yes,
3132,yes,
3134,yes,
3135,yes,
3136,yes,
3137,yes,
3138,yes,
3142,yes,
3143,yes,
3145,yes,
3148,yes,
3149,yes,
3151,yes,
3152,yes,
3153,yes,
3154,yes,
3155,yes,
3156,yes,
3157,no,FC Stretford Paddock
3158,yes,
3160,yes,
3162,yes,
3165,yes,
3166,yes,
3167,yes,
3169,yes,
3170,no,AFC Bournemouth
3171,yes,
3172,yes,
3173,yes,
3175,yes,
3176,yes,
3179,yes,
3180,yes,
3181,yes,
3182,yes,
3183,yes,
3185,yes,
3186,yes,
3187,yes,
3188,yes,
3189,yes,
3192,yes,
3193,yes,
3194,yes,
3196,yes,
3197,yes,
3200,yes,
3204,no,Barwell FC
3205,yes,
3206,yes,
3207,yes,
3208,yes,
3210,yes,
3211,yes,
3212,yes,
3213,yes,
3214,yes,
3215,yes,
3222,yes,
3223,yes,
3224,yes,
3225,no,
3226,yes,
3227,yes,
3231,yes,
3233,yes,
3239,yes,
3240,yes,
3241,no,Sharjah FC
3242,yes,
3243,yes,
3244,yes,
3247,yes,
3250,yes,
3251,no,St Albans City
3252,yes,
3253,yes,
3257,yes,
3258,yes,
3260,yes,
3261,yes,
3262,yes,
3263,yes,
3265,yes,
3270,yes,
3271,yes,
3272,yes,
3273,yes,
3274,yes,
3275,yes,
3276,yes,
3279,yes,
3280,yes,
3281,yes,
3282,yes,
3283,yes,
3284,yes,
3285,yes,
3286,yes,
3291,yes,
3292,yes,
3294,yes,
3295,yes,
3297,yes,
3302,yes,
3304,yes,
3308,yes,
3309,no,West Ham United
3311,yes,
3312,yes,
3314,yes,
3316,yes,
3317,yes,
3318,yes,
3320,yes,
3324,yes,
3326,yes,
3327,yes,
3329,yes,
3330,yes,
3333,no,
3334,yes,
3335,yes,
3336,yes,
3337,yes,
3338,yes,
3341,yes,
3343,yes,
3346,yes,
3347,yes,
3348,yes,
3349,yes,
3351,yes,
3352,yes,
3353,yes,
3356,yes,
3358,yes,
3360,yes,
3361,yes,
3362,no,Sparta Rotterdam
3363,yes,
3364,yes,
3366,yes,
3367,yes,
3370,yes,
3372,yes,
3373,yes,
3374,yes,
3377,yes,
3378,yes,
3379,yes,
3380,yes,
3381,yes,
3382,yes,
3383,yes,
3388,yes,
3389,yes,
3390,yes,
3392,yes,
3394,yes,
3396,yes,
3397,yes,
3398,yes,
3399,yes,
3404,no,TJ SPP Velke Bierovce-Opatovce
3408,yes,
3411,yes,
3413,yes,
3420,yes,
3421,yes,
3422,yes,
3426,yes,
3427,yes,
3428,yes,
3429,yes,
3430,yes,
3433,yes,
3434,yes,
3435,yes,
3436,yes,
3438,yes,
3439,yes,
3440,yes,
3441,yes,
3442,yes,
3445,yes,
3446,yes,
3447,yes,
3448,yes,
3449,yes,
3452,no,Brighton & Hove Albion
3453,yes,
3454,yes,
3457,yes,
3458,yes,
3459,yes,
3460,yes,
3461,yes,
3462,yes,
3463,yes,
3464,yes,
3465,yes,
3469,yes,
3471,yes,
3472,yes,
3473,yes,
3478,yes,
3480,yes,
3481,yes,
3482,yes,
3483,yes,
3484,yes,
3485,yes,
3488,no,Heart of Midlothian FC
3491,yes,
3497,yes,
3498,yes,
3499,yes,
3500,yes,
3502,yes,
3505,yes,
3506,yes,
3507,yes,
3508,yes,
3509,yes,
3510,yes,
3512,no,AFC Bournemouth
3513,yes,
3514,yes,
3515,yes,
3517,yes,
3518,yes,
3520,yes,
3521,yes,
3524,yes,
3526,yes,
3527,yes,
3531,yes,
3533,yes,
3536,yes,
3538,yes,
3539,yes,
3543,yes,
3546,yes,
3547,yes,
3548,yes,
3549,yes,
3550,yes,
3551,yes,
3552,yes,
3554,yes,
3558,yes,
3561,yes,
3562,yes,
3563,yes,
3564,yes,
3565,yes,
3566,yes,
3567,yes,
3569,yes,
3571,yes,
3572,yes,
3577,yes,
3578,yes,
3580,yes,
3581,yes,
3582,yes,
3583,yes,
3584,yes,
3585,yes,
3586,yes,
3587,yes,
3591,yes,
3592,yes,
3593,yes,
3594,yes,
3595,yes,
3597,yes,
3599,yes,
3600,no,Everton FC
3601,no,Norwich City
3603,yes,
3604,yes,
3606,yes,
3607,yes,
3608,yes,
3610,yes,
3612,yes,
3613,yes,
3618,yes,
3621,yes,
3622,yes,
3623,yes,
3624,yes,
3628,yes,
3629,yes,
3630,yes,
3631,yes,
3632,yes,
3635,yes,
3643,yes,
3644,yes,
3646,yes,
3647,yes,
3650,yes,
3651,yes,
3653,yes,
3654,yes,
3655,yes,
3658,yes,
3659,yes,
3660,yes,
3661,yes,
3662,yes,
3663,yes,
3664,yes,
3665,yes,
3666,yes,
3668,yes,
3669,yes,
3670,yes,
3672,no,Walton & Hersham FC
3674,yes,
3676,yes,
3677,yes,
3679,yes,
3680,yes,
3681,yes,
3682,yes,
3683,yes,
3684,yes,
3688,yes,
3689,yes,
3692,yes,
3695,yes,
3697,yes,
3699,yes,
3702,yes,
3703,yes,
3704,yes,
3705,yes,
3708,yes,
3712,no,Brentford FC
3713,yes,
3714,yes,
3716,yes,
3719,yes,
3723,yes,
3724,no,Kanchanaburi Power FC
3725,yes,
3728,yes,
3729,yes,
3732,yes,
3733,yes,
3734,yes,
3735,yes,
3736,yes,
3737,yes,
3738,yes,
3739,yes,
3740,yes,
3743,yes,
3744,yes,
3745,yes,
3746,no,
3747,yes,
3748,yes,
3749,yes,
3751,no,
3752,yes,
3753,yes,
3754,yes,
3756,no,Nottingham Forest
3757,yes,
3759,yes,
3760,yes,
3761,yes,
3762,yes,
3764,yes,
3765,yes,
3766,yes,
3767,yes,
3769,yes,
3770,yes,
3771,yes,
3772,yes,
3774,yes,
3776,yes,
3778,yes,
3779,yes,
3780,yes,
3795,yes,
3796,yes,
3799,yes,
3800,yes,
3801,no,Huddersfield Town U21
3803,yes,
3806,yes,
3807,yes,
3810,yes,
3811,no,Blackburn Rovers
3814,yes,
3816,yes,
3817,yes,
3818,yes,
3819,yes,
3820,yes,
3821,no,Stoke City
3822,yes,
3823,no,Swindon Town
3824,yes,
3825,yes,
3829,yes,
3830,yes,
3831,yes,
3833,yes,
3834,yes,
3835,yes,
3837,yes,
3842,yes,
3843,yes,
3844,yes,
3845,yes,
3850,yes,
3851,yes,
3852,yes,
3853,yes,
3854,yes,
3859,yes,
3860,yes,
3861,yes,
3863,yes,
3867,yes,
3868,yes,
3869,yes,
3876,yes,
3877,yes,
3878,yes,
3880,yes,
3881,yes,
3883,yes,
3886,yes,
3887,yes,
3889,yes,
3890,yes,
3892,yes,
3894,no,Fulham FC
3896,yes,
3897,yes,
3898,yes,
3899,yes,
3900,yes,
3901,yes,
3902,no,Birmingham City
3903,yes,
3904,yes,
3905,yes,
3906,yes,
3908,yes,
3909,no,Sheffield United
3911,yes,
3913,yes,
3919,yes,
3920,yes,
3921,yes,
3923,yes,
3924,no,Stockport County
3925,no,Ankara Keciörengücü
3926,no,Al-Khaleej FC
3929,no,Swansea City
3930,yes,
3931,yes,
3932,yes,
3934,no,Reading FC
3936,yes,
3939,yes,
3940,yes,
3947,yes,
3948,yes,
3949,yes,
3951,yes,
3954,yes,
3955,no,Burnley FC
3956,no,
3957,yes,
3958,yes,
3960,no,Bayern Munich
3962,yes,
3963,yes,
3969,yes,
3970,yes,
3971,yes,
3972,yes,
3974,yes,
3975,yes,
3977,yes,
3979,yes,
3980,yes,
3981,yes,
3982,yes,
3983,yes,
3984,yes,
3985,yes,
3987,yes,
3989,yes,
3991,yes,
3992,yes,
3993,yes,
3995,no,Crawley Town
3996,yes,
3997,yes,
3998,yes,
3999,yes,
4000,yes,
4001,yes,
4002,yes,
4003,yes,
4004,yes,
4006,yes,
4007,no,Gillingham FC
4008,yes,
4009,yes,
4016,yes,
4017,yes,
4020,yes,
4024,yes,
4025,yes,
4029,yes,
4030,yes,
4031,yes,
4033,yes,
4034,yes,
4036,yes,
4039,yes,
4040,yes,
4042,yes,
4043,yes,
4045,yes,
4048,yes,
4051,yes,
4053,yes,
4054,yes,
4055,yes,
4056,yes,
4059,yes,
4061,yes,
4062,yes,
4066,yes,
4067,yes,
4069,yes,
4074,no,Stevenage FC
4076,yes,
4077,yes,
4078,yes,
4081,yes,
4082,yes,
4084,yes,
4086,yes,
4087,yes,
4090,yes,
4093,yes,
4094,yes,
4095,yes,
4100,no,Pafos FC
4101,yes,
4103,yes,
4104,yes,
4105,yes,
4110,yes,
4112,no,AS Monaco
4115,no,Aston Villa
4116,yes,
4117,yes,
4118,yes,
4120,no,Buriram United
4121,yes,
4122,yes,
4123,yes,
4125,no,Wycombe Wanderers
4128,yes,
4129,yes,
4130,yes,
4133,yes,
4134,yes,
4135,yes,
4136,no,Charlton Athletic
4137,no,Watford FC
4138,yes,
4139,yes,
4141,yes,
4142,yes,
4144,yes,
4145,yes,
4148,yes,
4150,yes,
4151,yes,
4152,yes,
4153,yes,
4154,yes,
4158,yes,
4159,yes,
4161,yes,
4162,yes,
4163,yes,
4166,yes,
4167,yes,
4168,yes,
4171,yes,
4172,yes,
4176,yes,
4179,no,Club Brugge KV
4180,yes,
4182,yes,
4183,yes,
4184,yes,
4185,yes,
4186,yes,
4188,yes,
4189,yes,
4192,yes,
4193,yes,
4196,yes,
4197,yes,
4198,no,
4199,yes,
4200,yes,
4201,yes,
4204,yes,
4205,no,
4207,yes,
4209,yes,
4212,yes,
4213,yes,
4214,yes,
4218,yes,
4219,yes,
4220,yes,
4224,yes,
4226,yes,
4227,yes,
4229,no,Wolverhampton Wanderers
4237,no,Los Angeles Force
4240,yes,
4245,no,Aston Villa
4246,yes,
4247,yes,
4248,yes,
4252,yes,
4254,yes,
4255,yes,
4256,yes,
4257,yes,
4258,no,Shamrock Rovers
4259,yes,
4260,yes,
4264,yes,
4267,yes,
4268,yes,
4269,yes,
4270,yes,
4271,yes,
4272,yes,
4276,yes,
4278,yes,
4281,yes,
4286,no,Southampton FC
4287,yes,
4288,no,SSC Napoli
4289,yes,
4290,yes,
4291,yes,
4294,yes,
4296,yes,
4297,yes,
4299,yes,
4302,yes,
4303,yes,
4304,yes,
4305,yes,
4306,yes,
4307,yes,
4308,yes,
4309,yes,
4310,yes,
4312,yes,
4313,yes,
4315,yes,
4316,no,Feyenoord Rotterdam
4317,yes,
4319,yes,
4321,yes,
4322,yes,
4324,yes,
4325,yes,
4328,yes,
4330,no,ACF Fiorentina
4331,yes,
4333,no,Everton FC
4334,yes,
4335,yes,
4336,yes,
4337,yes,
4339,yes,
4340,yes,
4341,yes,
4342,yes,
4343,yes,
4346,yes,
4347,yes,
4348,yes,
4349,yes,
4350,yes,
4351,yes,
4353,yes,
4354,yes,
4355,yes,
4356,yes,
4357,no,Doncaster City
4358,yes,
4363,yes,
4364,yes,
4365,yes,
4366,yes,
4367,yes,
4371,yes,
4372,yes,
4373,yes,
4375,yes,
4377,yes,
4378,yes,
4380,yes,
4381,yes,
4382,yes,
4383,yes,
4385,yes,
4394,no,Hull City
4395,no,Derry City
4396,yes,
4397,yes,
4398,yes,
4401,yes,
4402,yes,
4403,yes,
4404,yes,
4405,yes,
4408,no,Tottenham Hotspur
4412,yes,
4413,yes,
4414,yes,
4415,yes,
4416,yes,
4421,no,Víkingur Reykjavík
4422,yes,
4426,yes,
4429,yes,
4430,no,
4432,yes,
4433,no,
4436,yes,
4437,yes,
4438,yes,
4439,yes,
4445,yes,
4449,yes,
4451,yes,
4453,yes,
4455,yes,
4468,yes,
4469,yes,
4470,yes,
4472,yes,
4474,yes,
4477,yes,
4478,yes,
4480,yes,
4481,yes,
4482,yes,
4486,yes,
4487,no,Precision FC
4488,yes,
4489,no,Charlotte FC
4490,yes,
4491,yes,
4492,no,Al-Wahda FC
4493,yes,
4495,yes,
4496,no,Sevilla FC
4499,no,Manchester City
4501,yes,
4502,yes,
4503,yes,
4504,yes,
4505,no,Manchester City
4506,yes,
4507,yes,
4509,no,Hull City
4510,yes,
4511,yes,
4513,yes,
4514,yes,
4515,yes,
4516,yes,
4517,yes,
4518,yes,
4519,yes,
4521,yes,
4522,yes,
4525,yes,
4526,yes,
4527,no,Lokomotiv Sofia
4529,yes,
4531,yes,
4532,yes,
4534,yes,
4537,yes,
4538,yes,
4539,no,Charlotte FC
4540,yes,
4541,yes,
4542,yes,
4543,yes,
4544,yes,
4545,yes,
4546,yes,
4549,yes,
4550,yes,
4552,yes,
4554,yes,
4555,yes,
4556,yes,
4557,yes,
4558,yes,
4560,yes,
4561,no,Portsmouth FC
4562,yes,
4566,yes,
4568,yes,
4569,yes,
4570,yes,
4572,yes,
4573,yes,
4577,yes,
4579,yes,
4582,yes,
4585,yes,
4586,no,Gillingham FC
4587,yes,
4592,no,FC United of Manchester
4593,yes,
4598,yes,
4600,yes,
4601,yes,
4604,yes,
4605,no,Los Angeles Galaxy
4606,no,Casa Pia AC
4608,no,Manchester United
4610,yes,
4611,yes,
4612,no,Southampton FC
4614,yes,
4615,yes,
4616,yes,
4617,no,Burnley FC
4618,yes,
4619,yes,
4620,yes,
4621,yes,
4622,yes,
4624,yes,
4626,yes,
4627,yes,
4629,yes,
4634,no,Rangers FC
4636,yes,
4637,yes,
4638,yes,
4640,no,Everton FC
4641,yes,
4645,yes,
4647,yes,
4648,yes,
4651,yes,
4652,yes,
4654,yes,
4655,yes,
4656,yes,
4657,no,Sparta Rotterdam
4659,yes,
4660,yes,
4664,no,Los Angeles FC
4666,yes,
4667,yes,
4671,yes,
4673,yes,
4674,yes,
4675,yes,
4680,yes,
4681,yes,
4690,yes,
4692,yes,
4694,yes,
4696,yes,
4697,yes,
4698,yes,
4699,yes,
4700,yes,
4701,yes,
4705,yes,
4706,yes,
4707,yes,
4710,yes,
4711,yes,
4713,yes,
4714,yes,
4717,yes,
4718,yes,
4719,yes,
4720,yes,
4721,yes,
4722,yes,
4723,yes,
4724,yes,
4725,yes,
4726,yes,
4727,yes,
4728,yes,
4730,no,GNK Dinamo Zagreb
4732,no,St. Mirren FC
4733,no,CD Universidad Católica
4734,yes,
4735,yes,
4736,no,Al-Gharafa SC
4737,yes,
4739,yes,
4740,yes,
4743,yes,
4747,yes,
4748,no,Grêmio Foot-Ball Porto Alegrense
4750,yes,
4751,yes,
4754,yes,
4755,yes,
4762,yes,
4763,yes,
4764,yes,
4765,yes,
4766,yes,
4767,yes,
4769,yes,
4771,yes,
4772,yes,
4777,no,
4779,yes,
4780,yes,
4781,yes,
4783,yes,
4784,yes,
4785,yes,
4786,yes,
4788,no,Wythenshawe Town FC
4789,yes,
4791,yes,
4792,yes,
4794,yes,
4796,yes,
4797,yes,
4799,yes,
4800,yes,
4802,yes,
4803,yes,
4804,yes,
4805,yes,
4806,yes,
4809,yes,
4810,no,Gulf United FC
4811,yes,
4812,yes,
4813,yes,
4814,yes,
4815,yes,
4816,yes,
4818,no,Fulham FC
4819,yes,
4821,no,
4822,yes,
4823,no,Red Star Belgrade
4825,yes,
4826,yes,
4827,yes,
4828,yes,
4829,yes,
4830,yes,
4831,yes,
4835,yes,
4836,yes,
4837,yes,
4838,yes,
4839,yes,
4840,yes,
4841,yes,
4842,yes,
4843,yes,
4844,yes,
4845,no,VfL Wolfsburg
4846,yes,
4847,yes,
4848,yes,
4849,yes,
4851,no,FC Viktoria Plzen
4852,yes,
4853,yes,
4854,yes,
4856,yes,
4857,yes,
4859,yes,
4863,yes,
4864,yes,
4865,yes,
4874,no,Brighton & Hove Albion
4877,yes,
4878,yes,
4880,no,Fulham FC
4885,yes,
4886,yes,
4888,yes,
4896,yes,
4898,yes,
4908,yes,
4909,yes,
4911,yes,
4915,yes,
4916,yes,
4918,yes,
4925,yes,
4931,yes,
4936,yes,
4941,yes,
4951,yes,
4955,yes,
4968,yes,
4972,yes,
4973,yes,
4979,no,West Ham United
4985,no,Fulham FC
4988,yes,
4989,yes,
4999,no,Los Angeles FC
5001,yes,
5051,yes,
5057,yes,
5061,yes,
5064,yes,
5066,yes,
5067,no,Manchester City
5074,yes,
5078,yes,
5079,yes,
5093,yes,
5097,no,SG Rieschweiler
5101,no,Galatasaray
5102,yes,
5110,yes,
5137,yes,
5140,no,Liverpool FC
5154,yes,
5156,yes,
5169,no,HJK Helsinki
5175,yes,
5178,no,Liverpool FC
5179,yes,
5180,yes,
5208,yes,
5211,yes,
5220,no,Newcastle United
5239,yes,
5248,yes,
5264,yes,
5267,no,FC Basel 1893
5271,yes,
5272,yes,
5328,yes,
5334,yes,
5343,no,Leicester City
5344,yes,
5345,yes,
5349,yes,
5354,yes,
5361,yes,
5365,yes,
5368,yes,
5371,yes,
5375,yes,
5377,yes,
5384,yes,
5428,yes,
5467,yes,
5490,yes,
5511,yes,
5513,yes,
5514,no,
5520,yes,
5548,yes,
5551,yes,
5559,yes,
5561,yes,
5562,yes,
5566,yes,
5570,yes,
5575,yes,
5583,yes,
5585,yes,
5586,yes,
5588,yes,
5594,yes,
5595,no,Leicester City
5632,yes,
5650,yes,
5665,yes,
5668,yes,
5671,yes,
5672,yes,
5682,yes,
5688,yes,
5691,yes,
5696,yes,
5698,yes,
5713,yes,
5721,yes,
5748,yes,
5754,yes,
5758,no,Aston Villa
5762,yes,
5771,yes,
5772,yes,
5782,yes,
5790,yes,
5793,yes,
5794,yes,
5803,yes,
5804,yes,
5806,yes,
5810,yes,
5844,no,Charlton Athletic
5850,yes,
5859,no,Al-Nasr SC (UAE)
5860,yes,
5861,no,
5865,no,Aston Villa
5866,no,Real Oviedo
5879,yes,
5906,yes,
5907,yes,
5937,yes,
6030,no,CF Pachuca
6047,yes,
6058,yes,
6077,yes,
6194,yes,
6204,yes,
6210,yes,
6215,yes,
6251,yes,
6292,yes,
6362,yes,
6387,yes,
6389,yes,
6390,yes,
6393,yes,
6425,yes,
6451,no,Burnley FC
6494,yes,
6519,no,Al-Nassr FC
6528,yes,
6593,yes,
6609,yes,
6615,yes,
6627,yes,
6671,yes,
6709,yes,
6712,yes,
6767,yes,
6784,yes,
6820,yes,
6889,yes,
6899,yes,
6900,yes,
6903,yes,
7013,yes,
7081,yes,
7103,no,FC Copenhagen
7105,yes,
7114,no,Al-Ettifaq FC
7120,yes,
7122,yes,
7124,yes,
7163,yes,
7175,yes,
7198,yes,
7213,yes,
7215,yes,
7219,yes,
7234,yes,
7316,yes,
7336,no,TSG 1899 Hoffenheim
7431,yes,
7450,yes,
7482,yes,
7486,yes,
7488,yes,
7490,yes,
7500,no,---
7548,no,
7564,yes,
7568,yes,
7602,yes,
7628,yes,
7744,yes,
7749,yes,
7887,yes,
7934,yes,
7946,no,Birmingham City
7975,no,Arsenal FC
7990,yes,
8044,yes,
8045,no,Queens Park Rangers
8046,yes,
8049,yes,
8050,no,Precision FC
8052,no,Western Sydney Wanderers
8054,yes,
8055,yes,
8057,yes,
8058,yes,
8107,yes,
8127,yes,
8143,no,Everton FC
8148,yes,
8159,yes,
8162,yes,
8163,no,Brighton & Hove Albion
8168,yes,
8171,no,Brighton & Hove Albion
8174,yes,
8175,yes,
8185,yes,
8192,no,Leicester City
8201,yes,
8212,no,Bristol Rovers
8232,yes,
8242,no,Livingston FC
8245,yes,
8246,no,Burnley FC
8264,yes,
8293,yes,
8303,no,Charlton Athletic
8317,yes,
8318,yes,
8335,yes,
8356,yes,
8388,yes,
8417,yes,
8438,yes,
8444,no,Chesterfield FC
8454,no,West Ham United
8456,no,Tottenham Hotspur
8578,yes,
8586,yes,
8589,no,Crystal Palace
8598,yes,
8636,yes,
8650,yes,
8658,no,Aston Villa
8691,no,West Bromwich Albion
8707,no,Newcastle United
8709,yes,
8710,yes,
8712,yes,
8868,no,West Ham United
8878,yes,
8882,no,FC Midtjylland
8888,yes,
8889,yes,
8897,no,Stoke City
8900,no,Aston Villa
8923,no,Charlton Athletic
8935,yes,
8945,yes,
8966,yes,
8968,yes,
8970,yes,
8976,yes,
8979,no,US Cremonese
8980,no,Norwich City
8982,no,Stade Mouscronnois
8983,no,Al-Ahli SFC
9030,yes,
9031,yes,
9032,yes,
9060,no,Port Vale FC
9100,yes,
9117,yes,
9131,yes,
9134,yes,
9154,no,Wycombe Wanderers
9163,yes,
9167,no,
9169,no,---
9198,yes,
9199,yes,
9246,no,Al-Ahli SFC
9251,yes,
9257,no,Leicester City
9266,no,Stockport County
9293,yes,
9377,yes,
9417,yes,
9426,no,Brighton & Hove Albion
9457,no,Al-Shabab FC
9462,yes,
9468,yes,
9473,yes,
9491,yes,
9566,yes,
9567,yes,
9576,no,Leeds United
9581,yes,
9595,no,Al-Sailiya SC
9634,yes,
9649,yes,
9650,yes,
9651,yes,
9662,no,Newcastle United
9762,yes,
9793,yes,
9794,yes,
9869,yes,
9895,yes,
9943,yes,
9947,yes,
9950,yes,
9960,yes,
9980,yes,
9982,no,Charlton Athletic
9985,yes,
10000,yes,
10004,yes,
10074,no,Plymouth Argyle
10076,yes,
10079,no,Newcastle United
10105,no,Luton Town
10123,yes,
10191,yes,
10336,yes,
10361,yes,
10380,yes,
10394,yes,
10420,yes,
10423,yes,
10424,yes,
10428,yes,
10430,yes,
10432,yes,
10433,yes,
10435,yes,
10439,no,Nottingham Forest
10441,yes,
10443,no,Tottenham Hotspur
10444,yes,
10449,yes,
10451,yes,
10455,yes,
10458,no,Liverpool FC
10460,no,CA Peñarol
10461,yes,
10462,yes,
10465,yes,
10466,yes,
10467,yes,
10471,yes,
10472,yes,
10473,yes,
10475,yes,
10476,no,Sociedade Esportiva Palmeiras
10477,yes,
10479,yes,
10480,yes,
10482,yes,
10483,yes,
10484,yes,
10487,yes,
10488,yes,
10491,yes,
10492,yes,
10494,yes,
10495,yes,
10498,yes,
10499,yes,
10501,yes,
10502,yes,
10503,yes,
10506,yes,
10507,yes,
10510,yes,
10511,yes,
10512,yes,
10517,yes,
10518,no,FC St Helens
10519,yes,
10520,yes,
10522,yes,
10523,yes,
10525,yes,
10526,yes,
10527,yes,
10528,yes,
10532,yes,
10535,yes,
10538,yes,
10539,yes,
10540,yes,
10541,yes,
10543,yes,
10548,yes,
10559,yes,
10564,yes,
10565,yes,
10566,yes,
10580,yes,
10596,yes,
10604,yes,
10633,no,Paris 13 Atletico
10634,yes,
10651,yes,
10654,no,West Bromwich Albion
10727,yes,
10734,yes,
10761,yes,
10766,no,AFC Bournemouth
10768,yes,
10800,yes,
10801,yes,
10827,yes,
10832,yes,
10874,yes,
10881,yes,
10883,yes,
10905,yes,
10933,yes,
10947,no,Brentford FC
10952,yes,
10953,yes,
10957,no,
10964,no,Beerschot VA
10968,yes,
11000,yes,
11002,yes,
11004,yes,
11008,no,Derby County
11013,yes,
11026,yes,
11031,yes,
11033,yes,
11034,yes,
11044,yes,
11070,yes,
11071,no,Fulham FC
11074,yes,
11111,yes,
11130,yes,
11134,no,SK Sturm Graz
11146,yes,
11147,yes,
11177,yes,
11180,no,Al-Hilal SFC
11189,yes,
11191,yes,
11213,no,AEK Athens
11224,yes,
11247,yes,
11248,yes,
11259,no,SC Braga
11260,yes,
11267,yes,
11272,yes,
11284,yes,
11293,yes,
11299,yes,
11300,yes,
11323,yes,
11341,yes,
11347,yes,
11355,yes,
11357,yes,
11362,no,Olympiacos Piraeus
11363,yes,
11364,yes,
11366,yes,
11373,yes,
11419,yes,
11428,yes,
11434,yes,
11575,yes,
11961,yes,
12114,yes,
12128,yes,
12136,no,Sunderland AFC
12173,yes,
12185,yes,
12186,no,Aberdeen FC
12192,no,Levante UD
12199,yes,
12212,yes,
12215,yes,
12299,yes,
12303,yes,
12306,no,
12314,yes,
12316,yes,
12322,yes,
12359,yes,
12365,yes,
12444,no,FC Midtjylland
12463,yes,
12512,yes,
12520,yes,
12536,yes,
12576,yes,
12582,no,Everton FC
12584,yes,
12639,yes,
12703,yes,
12707,no,Fenerbahce
12735,yes,
12815,yes,
12817,yes,
12847,no,Malmö FF
12854,yes,
12891,yes,
12901,yes,
12937,yes,
12946,yes,
12949,yes,
12983,yes,
12994,yes,
13089,yes,
13124,yes,
13125,yes,
13128,yes,
13129,yes,
13130,yes,
13131,yes,
13145,yes,
13193,yes,
13195,yes,
13225,yes,
13229,yes,
13234,yes,
13240,yes,
13248,yes,
13274,no,Aston Villa
13278,yes,
13279,yes,
13280,yes,
13281,yes,
13283,yes,
13284,yes,
13285,yes,
13286,yes,
13340,yes,
13344,no,Aston Villa
13387,yes,
13388,yes,
13389,no,Sheffield United
13390,yes,
13477,yes,
13485,yes,
13490,yes,
13491,yes,
13492,no,Fenerbahce
13494,yes,
13510,yes,
13511,no,Al-Sadd SC
13515,yes,
13522,no,West Ham United
13549,yes,
13552,yes,
13554,no,Celtic FC
13555,yes,
13556,yes,
13558,yes,
13559,yes,
13560,yes,
13561,yes,
13563,yes,
13565,no,FC Barcelona
13573,yes,
13622,yes,
13637,yes,
13702,yes,
13703,yes,
13706,no,AFC Bournemouth
13716,yes,
13718,yes,
13777,yes,
13791,yes,
13793,yes,
13794,yes,
13795,yes,
13796,yes,
13797,yes,
13798,yes,
13799,yes,
13813,yes,
13815,no,West Ham United
13821,yes,
13822,yes,
13823,no,NEOM SC
13824,yes,
13866,yes,
13867,yes,
13869,yes,
13871,yes,
13872,no,CA Vélez Sarsfield
13875,yes,
13901,yes,
13917,yes,
13956,yes,
13957,yes,
13961,no,Fulham FC
13985,yes,
13988,yes,
14051,yes,
14063,yes,
14164,yes,
14170,yes,
14203,yes,
14238,no,Nottingham Forest
14242,yes,
14252,yes,
14283,yes,
14298,yes,
14383,yes,
14393,yes,
14428,yes,
14441,yes,
14445,yes,
14446,yes,
14450,yes,
14451,yes,
14452,yes,
14456,yes,
14457,no,Brentford FC
14458,yes,
14538,no,Chelsea FC
14548,yes,
14569,no,Manchester City
14571,yes,
14575,yes,
14580,yes,
14608,no,Leeds United
14623,yes,
14624,no,Fulham FC
14636,yes,
14637,yes,
14656,yes,
14671,yes,
14685,no,Luton Town
14706,yes,
14716,no,Newcastle United
14723,yes,
14732,no,Real Madrid
14742,yes,
14753,yes,
14758,yes,
14771,yes,
14779,yes,
14800,yes,
14801,yes,
14804,yes,
14805,no,Manchester City
14807,yes,
14822,yes,
14824,yes,
14829,yes,
14830,yes,
14846,no,AFC Bournemouth
14897,no,Leeds United
14903,yes,
14938,yes,
14944,yes,
14960,no,Cardiff City
14997,yes,
15002,yes,
15011,yes,
15013,yes,
15017,yes,
15019,yes,
15038,yes,
15045,yes,
15052,yes,
15079,yes,
15114,yes,
15116,yes,
15128,yes,
15139,yes,
15154,yes,
15170,yes,
15199,yes,
15202,no,Arsenal FC
15211,yes,
15212,yes,
15259,no,Nottingham Forest
15269,yes,
15285,yes,
15293,yes,
15332,yes,
15340,no,Nottingham Forest
15374,yes,
15480,yes,
15481,yes,
15549,yes,
15558,yes,
15559,yes,
15572,no,AFC Bournemouth
15580,yes,
15608,yes,
15656,yes,
15685,yes,
15687,no,FC Volendam
15702,yes,
15713,yes,
15715,no,Wolverhampton Wanderers
15759,yes,
15791,yes,
15802,yes,
15938,yes,
15967,yes,
15989,yes,
15994,yes,
16006,yes,
16035,yes,
16044,yes,
16087,yes,
16088,yes,
16130,yes,
16204,no,Nottingham Forest
16234,yes,
16256,no,Sevilla FC
16268,yes,
16286,no,Manchester City
16431,no,Manchester City
16524,yes,
16550,yes,
16582,yes,
16592,yes,
16607,yes,
16622,yes,
16640,yes,
16642,no,Fenerbahce
16646,yes,
16719,yes,
16723,no,Nottingham Forest
16747,yes,
16758,yes,
16784,yes,
16788,no,RC Lens
16790,yes,
16793,yes,
16801,yes,
16803,yes,
19564,yes,
19589,no,FC Porto
19591,yes,
19599,yes,
19600,yes,
19601,yes,
19603,yes,
19604,yes,
19605,no,Udinese Calcio
19606,yes,
19607,yes,
19608,yes,
19609,yes,
19611,no,Cambridge United
19617,yes,
19618,no,Al-Ta'awon SC
19619,yes,
19620,no,Ajax
19621,yes,
19673,yes,
19675,yes,
19677,yes,
19678,yes,
19680,no,Arsenal FC
19723,yes,
19731,yes,
19752,yes,
19758,yes,
19771,yes,
19778,yes,
19814,yes,
19831,no,Burnley FC
19851,yes,
19858,yes,
19859,yes,
19864,yes,
19869,yes,
19871,yes,
19877,yes,
19888,yes,
19890,yes,
19911,yes,
19919,yes,
19925,yes,
19928,yes,
19929,yes,
19967,yes,
19970,no,Rangers FC
20048,yes,
20064,yes,
20081,no,Hull City
20095,yes,
20097,yes,
20101,yes,
20109,yes,
20113,no,Brentford FC
20118,yes,
20130,yes,
20171,yes,
20178,yes,
20183,yes,
20187,yes,
20196,yes,
20224,yes,
20226,yes,
20261,yes,
20268,yes,
20277,yes,
20337,yes,
20361,yes,
20430,yes,
20473,yes,
20479,no,Besiktas JK
20486,no,Arsenal FC
20489,yes,
20490,yes,
20497,yes,
20499,yes,
20503,yes,
20505,yes,
20517,yes,
20538,yes,
20547,yes,
20559,no,Liverpool FC
20566,yes,
20607,no,Newcastle United
20646,no,Royal Charleroi SC
20701,yes,
20708,yes,
20723,yes,
20745,no,Al-Sadd SC
20750,yes,
20789,yes,
20810,yes,
20855,yes,
20858,no,Sheffield United
20874,no,Crystal Palace
20929,yes,
20958,yes,
20959,yes,
21127,no,Portsmouth FC
21297,no,Southampton FC
21413,yes,
21468,yes,
21495,yes,
21519,no,AFC Bournemouth
21529,yes,
21532,yes,
21584,no,Arsenal FC
21585,yes,
21612,yes,
21614,yes,
21647,yes,
21653,yes,
21677,yes,
21714,yes,
21730,yes,
21731,yes,
21737,yes,
21785,yes,
21809,yes,
21887,yes,
21903,yes,
21912,yes,
21998,no,Chelsea FC
22040,yes,
22043,no,Brentford FC
22046,no,Milton Keynes Dons
22047,yes,
22542,no,Brighton & Hove Albion
22546,no,Getafe CF
22561,yes,
22570,no,Alanyaspor
22575,yes,
22591,yes,
22624,yes,
22651,yes,
22656,yes,
22698,yes,
22740,yes,
22744,yes,
22795,yes,
22802,yes,
22857,yes,
22866,yes,
22870,yes,
22952,no,Debreceni VSC
23033,yes,
23152,yes,
23194,no,Brentford FC
23199,yes,
23396,no,Manchester United
23520,yes,
23556,yes,
23575,yes,
23581,yes,
23585,yes,
23591,yes,
23593,yes,
23599,yes,
23612,yes,
23702,no,Nottingham Forest
23704,no,ACF Fiorentina
23747,yes,
23764,yes,
23784,yes,
23793,yes,
23796,yes,
23797,yes,
23811,no,Nottingham Forest
23813,yes,
23815,yes,
23820,yes,
23834,yes,
23841,yes,
23903,yes,
23911,yes,
23946,yes,
23968,yes,
23976,yes,
23989,yes,
23994,yes,
24001,yes,
24128,yes,
24151,yes,
24156,yes,
24221,yes,
24252,yes,
24253,no,SV Waldhof Mannheim
24309,no,Millwall FC
24334,no,Crystal Palace
24353,yes,
24369,no,Brentford FC
24412,yes,
24626,no,Aston Villa
24630,yes,
24635,yes,
24637,yes,
24641,yes,
24659,no,Brentford FC
24704,yes,
24708,yes,
24716,yes,
24773,no,Luton Town
24797,no,Everton FC
24807,yes,
24811,yes,
24983,yes,
24994,yes,
25067,yes,
25068,yes,
25071,yes,
25089,yes,
25094,no,Kalba FC
25183,no,West Ham United
25191,yes,
25203,yes,
25246,no,Real Betis Balompié
25266,yes,
25280,yes,
25281,yes,
25292,yes,
25309,yes,
25311,yes,
25312,yes,
25313,yes,
25329,yes,
25408,yes,
25435,yes,
25444,yes,
25447,yes,
25467,yes,
25474,no,Manchester City
25540,yes,
25892,yes,
26076,yes,
26151,no,Fulham FC
26216,yes,
26220,yes,
26335,yes,
26408,yes,
26681,yes,
26977,yes,
27090,no,Luton Town
27277,yes,
30528,yes,
30533,yes,
30534,yes,
31442,yes,
31670,yes,
31861,no,Hamburger SV
31883,yes,
31904,no,AC Milan
31905,yes,
31936,yes,
32159,yes,
32162,yes,
32229,yes,
32280,yes,
32289,yes,
32298,yes,
32388,yes,
32435,yes,
32478,yes,
32638,yes,
32673,yes,
32700,yes,
32715,yes,
32728,yes,
32796,yes,
32838,yes,
32894,yes,
32923,yes,
32936,yes,
32989,yes,
32995,yes,
33032,yes,
33046,yes,
33061,no,Norwich City
33066,yes,
33067,yes,
33124,no,Leeds United
33128,no,Sheffield United
33135,no,ACF Fiorentina
33162,yes,
33185,yes,
33231,yes,
33245,yes,
33280,no,Bayer 04 Leverkusen
33342,yes,
35670,yes,
35699,yes,
35718,yes,
35731,yes,
35741,yes,
35752,yes,
35781,yes,
37221,yes,
37587,yes,
37776,no,Crystal Palace
39606,yes,
40153,yes,
40159,yes,
40211,yes,
40320,yes,
42331,no,Arsenal FC
42569,yes,
42894,yes,
43010,yes,
43087,yes,
43098,yes,
43586,yes,
43856,yes,
44737,no,Luton Town
45351,no,Sheffield Wednesday
47133,yes,
47181,yes,
48285,yes,
49139,yes,
49144,yes,
49195,yes,
49254,yes,
49259,no,Newcastle United
49269,yes,
49270,yes,
49293,yes,
49316,yes,
49374,yes,
49461,yes,
49477,yes,
49481,no,Arsenal FC
49485,yes,
49494,yes,
49495,yes,
49501,yes,
49504,yes,
49610,yes,
49716,yes,
49726,no,Brentford FC
49731,no,Brentford FC
49738,yes,
49759,yes,
49761,yes,
49796,no,Crystal Palace
49884,yes,
49908,yes,
49909,yes,
49956,yes,
49961,yes,
49990,yes,
49992,no,
50151,yes,
50165,yes,
50230,yes,
50234,no,Arsenal FC
50245,no,Tottenham Hotspur
50247,yes,
50252,yes,
50453,yes,
50460,yes,
50498,yes,
50501,yes,
50512,yes,
50623,yes,
50643,yes,
50661,yes,
50727,yes,
50842,yes,
50848,yes,
50856,yes,
50857,yes,
50862,yes,
50960,yes,
51084,yes,
51185,yes,
51199,yes,
51202,yes,
51209,yes,
51223,yes,
51226,yes,
51229,yes,
51238,yes,
51364,yes,
51416,yes,
51423,no,Aston Villa
51454,yes,
51479,yes,
51498,yes,
51505,yes,
51510,yes,
51511,yes,
51518,yes,
51519,yes,
51553,yes,
51557,yes,
51574,yes,
51582,yes,
51593,no,Nottingham Forest
51609,yes,
51610,yes,
51619,yes,
51648,yes,
51690,yes,
51703,yes,
51736,yes,
51754,yes,
51775,yes,
51807,yes,
51813,yes,
51830,yes,
51942,yes,
51999,yes,
52053,yes,
52153,yes,
52613,yes,
52723,yes,
52931,yes,
52951,yes,
52989,yes,
53063,yes,
53074,yes,
53085,yes,
53151,yes,
53182,yes,
53612,yes,
53671,yes,
53991,yes,
54000,yes,
54056,yes,
54144,yes,
54156,yes,
54312,no,Atlanta United FC
54392,yes,
54760,yes,
54810,yes,
54831,yes,
54889,yes,
54893,yes,
54900,yes,
54989,no,AFC Bournemouth
55700,yes,
55776,yes,
62917,yes,
62934,yes,
63208,yes,
63257,yes,
63289,yes,
63553,yes,
63633,no,Liverpool FC
63634,yes,
63654,yes,
63656,yes,
63733,yes,
63741,yes,
63840,yes,
63851,yes,
64140,yes,
64142,yes,
64147,yes,
64282,yes,
64370,yes,
64461,yes,
64519,yes,
64523,yes,
65782,yes,
65804,yes,
65961,yes,
65970,no,Manchester City
65987,no,Brentford FC
65999,yes,
66011,yes,
66036,yes,
66094,yes,
66104,no,Arsenal FC
66204,yes,
66284,yes,
66318,yes,
66360,no,Manchester United
66378,no,Leeds United
66494,yes,
66538,yes,
66560,yes,
66563,yes,
66565,yes,
66570,yes,
66576,yes,
66630,yes,
66635,yes,
66647,yes,
66657,yes,
66658,yes,
66659,yes,
66669,yes,
66670,yes,
66691,yes,
66692,yes,
66735,yes,
67178,yes,
67191,yes,
67196,yes,
67198,yes,
67213,yes,
67221,yes,
67238,yes,
67407,yes,
67454,yes,
67510,yes,
67546,yes,
67631,yes,
67634,yes,
67704,yes,
67776,yes,
67784,yes,
67849,yes,
67899,yes,
67910,yes,
67928,yes,
68086,yes,
68150,yes,
68219,yes,
68580,yes,
68582,yes,
68583,yes,
68593,yes,
68676,yes,
68827,yes,
68857,yes,
68987,yes,
69070,yes,
69176,yes,
69274,yes,
69286,yes,
69288,yes,
69595,yes,
69617,yes,
69747,yes,
69766,yes,
69865,yes,
69914,yes,
70143,yes,
70216,yes,
70228,yes,
70249,yes,
70287,yes,
71432,no,Manchester City
71590,yes,
71623,yes,
71744,yes,
71923,yes,
72119,yes,
72239,yes,
72265,yes,
72360,yes,
72371,yes,
72453,yes,
74585,yes,
74608,yes,
74761,no,Newcastle United
74960,yes,
74963,yes,
74964,yes,
74965,yes,
74976,yes,
75201,yes,
75212,yes,
75381,yes,
75382,yes,
75543,yes,
75582,yes,
75678,yes,
75692,yes,
75709,no,Brighton & Hove Albion
75735,yes,
75883,yes,
75989,yes,
75991,yes,
76090,no,Brighton & Hove Albion
76104,yes,
76204,yes,
76216,yes,
76258,yes,
76261,yes,
76310,yes,
76353,yes,
76426,yes,
76614,yes,
81542,yes,
83496,yes,
92610,yes,
92614,yes,
92626,yes,
92635,yes,
92706,yes,
94669,yes,
98288,yes,
98290,yes,
98300,yes,
99281,yes,
99282,yes,
104260,yes,
107809,yes,
107822,yes,
107842,yes,
107846,yes,
107869,yes,
108096,yes,
108319,yes,
108325,yes,
108612,no,Coventry City
108613,yes,
108628,yes,
108751,yes,
108816,yes,
108877,yes,
108922,yes,
108936,yes,
108947,yes,
108956,yes,
108972,yes,
109117,yes,
109138,yes,
109478,yes,
109713,yes,
109714,yes,
109721,yes,
109777,yes,
110117,yes,
110187,yes,
110203,yes,
110234,no,Wrexham AFC
110430,yes,
110526,yes,
110549,yes,
110958,yes,
111022,yes,
111116,yes,
111987,yes,
111988,yes,
112203,yes,
112246,yes,
112267,yes,
112378,yes,
112449,yes,
112510,yes,
112538,no,KAA Gent
112549,yes,
112581,yes,
112589,yes,
112651,yes,
112653,yes,
112674,yes,
112701,yes,
112739,yes,
112742,yes,
112917,yes,
112948,yes,
114273,yes,
114296,yes,
114564,yes,
114566,yes,
114588,yes,
114590,yes,
114957,yes,
115105,yes,
115114,yes,
115151,yes,
115166,no,Brentford FC
115169,yes,
115172,no,Nottingham Forest
115255,yes,
115256,yes,
115336,yes,
115371,yes,
116496,yes,
116665,yes,
116763,yes,
116827,yes,
116888,yes,
117315,yes,
117318,yes,
117497,no,Newcastle United
117560,yes,
117564,yes,
117579,yes,
117596,yes,
117625,yes,
117647,yes,
117732,no,Brighton & Hove Albion
117753,yes,
117754,yes,
117758,yes,
117763,yes,
117800,yes,
117859,yes,
117974,yes,
118031,yes,
118077,yes,
118080,yes,
118083,yes,
118095,yes,
118112,yes,
118436,yes,
118442,yes,
118447,yes,
118579,yes,
118591,yes,
118633,yes,
119034,yes,
119041,yes,
119059,yes,
119072,yes,
119078,yes,
119082,yes,
119292,yes,
119381,yes,
119457,yes,
119459,yes,
119462,yes,
119476,yes,
119611,yes,
119614,yes,
120049,yes,
120096,yes,
120417,yes,
121610,yes,
121972,yes,
122005,yes,
122126,yes,
122133,yes,
122142,yes,
122149,yes,
122173,yes,
122388,yes,
122772,yes,
122934,yes,
122944,yes,
122945,yes,
123333,yes,
123585,yes,
123672,yes,
123722,yes,
123910,yes,
123998,yes,
124052,yes,
124083,yes,
124181,yes,
124319,yes,
124366,yes,
124396,no,Brighton & Hove Albion
124462,yes,
124531,yes,
124907,yes,
124944,yes,
125075,yes,
125106,yes,
125169,yes,
125826,yes,
125827,yes,
126108,yes,
126110,yes,
126317,yes,
126426,yes,
126670,yes,
126789,yes,
126824,yes,
126920,yes,
126943,yes,
126962,yes,
127393,yes,
127416,yes,
127594,no,Brentford FC
127644,yes,
127659,yes,
127668,yes,
127740,yes,
127804,yes,
127828,yes,
127846,yes,
127852,yes,
127853,yes,
128264,yes,
128366,yes,
128389,yes,
128411,yes,
128449,yes,
128456,yes,
128643,yes,
128891,yes,
128976,yes,
129740,yes,
129833,yes,
129952,yes,
130068,yes,
130150,yes,
130151,yes,
130665,yes,
131312,yes,
132285,yes,
132956,yes,
133025,yes,
133097,yes,
133114,yes,
133123,yes,
133124,yes,
133169,yes,
133245,yes,
133297,yes,
133430,yes,
133460,yes,
133503,yes,
133603,yes,
133612,yes,
133650,yes,
133679,no,Wolverhampton Wanderers
133681,yes,
133890,no,Brentford FC
134048,yes,
134176,yes,
134234,yes,
134286,yes,
134333,yes,
134334,yes,
134403,yes,
134486,yes,
134709,yes,
134796,yes,
135304,yes,
135722,yes,
135804,yes,
136175,yes,
136505,yes,
136672,yes,
136815,yes,
136952,yes,
136974,yes,
136982,yes,
137371,yes,
137462,yes,
137832,yes,
138104,yes,
138107,yes,
138137,yes,
138550,yes,
138981,yes,
139004,yes,
139644,yes,
139648,no,Nottingham Forest
139930,yes,
140223,yes,
140364,yes,
140546,yes,
141181,yes,
141639,yes,
143214,yes,
143218,yes,
143240,yes,
143922,yes,
144213,yes,
144265,yes,
144693,yes,
144788,yes,
144894,yes,
145043,yes,
145135,yes,
145347,yes,
145492,yes,
145759,yes,
146050,yes,
146354,yes,
146391,yes,
146394,yes,
146567,yes,
147032,yes,
147312,yes,
148162,yes,
151538,yes,
301829,yes,
302305,yes,
302583,yes,
303860,yes,
303861,yes,
304123,yes,
304238,yes,
304474,yes,
304595,yes,
326089,yes,
327129,yes,
327705,yes,
